channels_name;country;city;watch_count
"NBS TV";UG;Kampala;6362
"NBS Live";UG;Kampala;1655
"NBS Plus";UG;Kampala;1395
"NBS TV";AE;Dubai;1086
"Sanyuka TV";UG;Kampala;1024
"Al Jazeera English";UG;Kampala;925
"Bukedde 1";UG;Kampala;760
"Manifest Television";UG;Kampala;738
"UBC TV";UG;Kampala;722
"NBS TV";KE;Nairobi;649
"NBS TV";QA;Doha;579
"NBS TV";UG;;522
"NBS Sport";UG;Kampala;476
"NBS TV";FR;;452
"Next Radio 106.1";UG;Kampala;422
"Sanyuka TV";AE;Dubai;407
"NBS TV";AE;"Abu Dhabi";363
"NBS TV";RW;Kigali;332
"NBS Live";AE;Dubai;284
"Faraja DTV";UG;Kampala;281
"NBS TV";TZ;"Dar es Salaam";279
"Radio Walla";UG;Kampala;269
DW;UG;Kampala;248
"RT International";UG;Kampala;244
"NBS TV";DE;"Frankfurt am Main";233
"Galaxy TV";UG;Kampala;207
"Host TV";UG;Kampala;194
"NBS Live";AE;"Abu Dhabi";185
"Sanyuka TV";QA;Doha;185
"NBS TV";ZA;Johannesburg;173
"NUP Radio 91.4";UG;Kampala;168
"NBS Live";KE;Nairobi;167
"UBC TV";AE;Dubai;162
"NBS Plus";FR;;156
"NBS TV";US;Issaquah;155
"NBS Music";UG;Kampala;155
"NBS TV";GB;London;150
"NBS TV";SA;Riyadh;142
"NBS TV";GB;;142
"Sanyuka TV";AE;"Abu Dhabi";141
"NBS Live";QA;Doha;139
"NBS Sport 2";UG;Kampala;138
"NBS TV";FR;Lauterbourg;135
"Salt TV";UG;Kampala;134
"NBS TV";CA;Montreal;133
"UBC TV";QA;Doha;132
"NBS TV";TZ;;132
AfroFlix;UG;Kampala;129
"Tayari West";UG;Kampala;129
"Next Radio Visual";UG;Kampala;124
"NBS TV";SS;Juba;122
"NBS TV";SO;;121
"Kwiso TV";UG;Kampala;121
"Salam TV";UG;Kampala;120
"Sanyuka TV";UG;;119
"CBS Eyobujjajja";UG;Kampala;119
"NBS TV";GB;Hackney;114
"BaBa TV";UG;Kampala;113
"NBS TV";AE;Sharjah;112
"NBS TV";TR;Istanbul;111
"NBS Live";FR;;109
"NBS TV";NL;Amsterdam;108
"UBC TV";KE;Nairobi;106
"NBS TV";KE;;106
"RT International";UG;;105
"Ground TV";UG;Kampala;102
KSTV;UG;Kampala;99
"NBS TV";FR;Paris;97
"NBS TV";EG;Cairo;97
"NBS TV";GB;Southwark;96
"NBS Live";UG;;95
"NBS TV";BH;Manama;95
"Magic 1";UG;Kampala;94
"NBS TV";ES;Madrid;90
"NBS Plus";AE;Dubai;89
"NBS TV";DK;Kolding;89
"NBS TV";OM;Muscat;88
"Dream TV";UG;Kampala;87
"UBC TV";AE;"Abu Dhabi";86
"Al Jazeera English";FR;;86
U24;UG;Kampala;86
"NBS TV";CA;Toronto;84
"NBS TV";SA;Jeddah;83
"K24 TV";UG;Kampala;83
"NBS TV";US;;80
"Sanyuka TV";KE;Nairobi;79
"UBC TV";DK;;78
"NBS Live";SO;;78
"NBS TV";GB;Nottingham;77
"Sanyuka TV";FR;Paris;77
"NBS Live";RW;Kigali;76
"NBS TV";DK;;75
"Baba FM";UG;Kampala;75
"NBS TV";ZM;Lusaka;74
"NBS TV";DE;;73
"NBS Live";ZA;Johannesburg;72
"Sanyuka TV";KW;"Kuwait City";72
"NBS TV";;;72
"Sanyuka TV";US;;71
"MCF FM";UG;Kampala;71
"NBS Live";SA;Riyadh;70
"NBS TV";KW;"Kuwait City";69
"UBC TV";SS;Juba;68
"NBS TV";DE;Berlin;68
"Star TV";UG;Kampala;68
"NBS TV";AE;Fujairah;67
"Magic Pulse TV";UG;Kampala;65
"NBS TV";OM;Seeb;64
"Sanyuka TV";FR;;63
"NBS TV";CA;Ottawa;62
"NBS TV";SS;;62
"NBS TV";GB;Bristol;62
"NBS TV";HU;Budapest;60
"NBS TV";ZA;;60
"NBS TV";CH;Zurich;60
CGTN;UG;Kampala;60
"Next Radio 106.1";AE;Dubai;59
"NBS TV";GB;Bexley;58
"NBS TV";DK;Viborg;57
"NBS TV";SS;Malakal;57
"NBS Plus";FR;Lauterbourg;57
"Fort TV";UG;Kampala;56
"Bazz TV";UG;Kampala;55
"NBS Live";DE;"Frankfurt am Main";55
"CNBC Africa";UG;Kampala;55
"NBS TV";SO;Merca;54
"NBS Live";US;;54
"Sanyuka TV";DE;"Frankfurt am Main";53
"NBS TV";DE;"Limburg an der Lahn";53
"NBS Sport";FR;;53
"NBS TV";US;Orlando;52
"NBS Live";SS;Juba;52
"NBS TV";GB;Norwich;51
"NBS TV";US;Norman;51
"NBS TV";DK;Nørager;50
"NBS TV";ET;"Addis Ababa";50
"Next Radio 106.1";FR;;50
"Bukedde 1";FR;;50
"Manifest Television";FR;;50
"NBS TV";US;"Moreno Valley";49
"NBS TV";IE;Dublin;48
"UBC TV";TZ;"Dar es Salaam";47
"NBS TV";GB;Ely;47
"NBS TV";BE;Ghent;47
"NBS Music";DE;"Bad Rothenfelde";46
"Unity FM";ZW;Marondera;46
"NBS TV";SE;Gothenburg;45
"NBS TV";US;"Los Angeles";45
"Galaxy TV";AE;Dubai;44
"Al Jazeera English";AE;Dubai;44
"NBS TV";US;Billerica;44
"RT International";CD;Lubumbashi;44
"NBS TV";JE;"Saint Helier";43
"Sanyuka TV";AE;Sharjah;42
"NBS TV";GB;Slough;42
"Tayari West";SO;Merca;42
"Al Jazeera English";QA;Doha;41
"Sanyuka TV";HU;Budapest;41
"NBS TV";BW;Gaborone;41
"NBS TV";AE;;41
"Sanyuka TV";ZA;Johannesburg;40
"NBS TV";LS;;40
"NBS TV";US;Danville;40
"CBS FM";UG;Kampala;40
"Sanyuka TV";SA;Riyadh;39
"NBS TV";AE;"Al Ain City";38
"Sanyuka TV";DK;Viborg;38
"NBS Plus";DE;"Frankfurt am Main";38
"Next Radio 106.1";QA;Doha;37
"NBS Plus";KE;Nairobi;37
"Unity FM";UG;Kampala;37
"CBS FM";AE;"Abu Dhabi";37
"CBS Eyobujjajja";AT;Langenzersdorf;37
"UBC TV";SA;Riyadh;36
"NBS Live";TR;Istanbul;36
"NBS TV";GB;Ealing;36
"NBS Live";ZA;;36
"NBS TV";SA;Ta'if;36
"UBC TV";FR;;36
"NBS TV";KE;"Athi River";36
"NBS Live";GB;Southwark;36
"Sanyuka TV";KE;"Athi River";36
"NBS Live";DK;;35
"NBS Plus";AE;"Abu Dhabi";35
"Bukedde 1";UG;;35
"NBS TV";GB;Liverpool;34
"NBS TV";IT;;34
"NBS TV";GB;Hungerford;34
"NBS TV";SE;Stockholm;34
"NBS TV";BE;Brussels;34
"NBS Live";KE;;34
"Bukedde 1";AE;Dubai;34
"NBS Sport";UG;;33
"UBC TV";ZA;Johannesburg;33
"NBS Live";AE;Sharjah;33
"Next Radio 106.1";AE;"Abu Dhabi";33
"BaBa TV";QA;Doha;33
"Sanyuka TV";US;Piscataway;33
"NBS Live";AE;;33
"Al Jazeera English";DE;"Frankfurt am Main";33
"Block FM 103.2";UG;Kampala;33
"Salam TV";AE;Dubai;32
"NBS TV";US;"West Chester";32
"NBS TV";US;Piscataway;32
"NBS TV";NL;;32
"NBS TV";NL;Naaldwijk;32
"Sanyuka TV";SE;Gothenburg;32
"UBC TV";UG;;31
"NBS Live";HU;Budapest;31
"NBS TV";GB;Ilford;31
"NBS TV";RW;;31
"BaBa TV";AE;Dubai;31
"NBS TV";CA;;31
"Sanyuka TV";RW;Kigali;31
"Sanyuka TV";TR;Istanbul;31
"NBS TV";GB;"City of London";31
"NBS TV";IT;Milan;31
"NBS Live";GB;London;31
"NBS Live";DE;"Limburg an der Lahn";31
"NBS TV";IN;Rajkot;30
"NBS Live";TZ;"Dar es Salaam";30
XFM;UG;Kampala;30
"NBS TV";GB;Glasgow;29
"NBS Plus";GB;London;29
"NBS TV";GB;Enfield;29
"NBS TV";US;Puyallup;29
"NBS TV";UG;Masaka;29
ACW UG TV;UG;Kampala;29
AfroFlix;AE;Dubai;28
"Next Radio 106.1";DE;"Frankfurt am Main";28
"NBS TV";US;Waukegan;28
"NBS TV";CD;;28
"NBS TV";US;Brooklyn;28
"NBS Plus";UG;;28
"NBS Live";NL;Amsterdam;28
"NBS TV";US;Dallas;28
"Sanyuka TV";TH;"Hua Hin";28
"NBS TV";ZA;Isando;28
"NBS TV";GB;Croydon;27
"Al Jazeera English";FR;Lauterbourg;27
"NBS Sport";AE;Dubai;27
"Sanyuka TV";GB;;27
"NBS Live";KW;"Kuwait City";27
"NBS TV";VN;Hanoi;27
"UBC TV";DE;"Frankfurt am Main";26
"NBS Live";IE;Dublin;26
"NBS TV";CA;Oshawa;26
"NBS Live";FR;Paris;26
"NBS Plus";DK;Viborg;26
"NBS TV";GB;Wellingborough;26
"NBS TV";GB;Gosport;26
"NBS Plus";AE;"Ras al-Khaimah";26
"Al Jazeera English";KE;Nairobi;26
"NBS Live";GB;Bradford;26
"Next Radio Visual";UG;;26
"NBS Live";BW;Gaborone;26
"NBS TV";ZW;Harare;26
"Sanyu FM";UG;Kampala;26
RTV;UG;Kampala;26
"Next Radio 106.1";FR;Lauterbourg;25
"Al Jazeera English";AE;"Abu Dhabi";25
"UBC TV";RW;Kigali;25
"Sanyuka TV";NL;Amsterdam;25
"Sanyuka TV";;;25
"NBS TV";US;Riverside;25
"Sanyuka TV";SE;Stockholm;25
"NBS TV";CD;Lubumbashi;25
"NUP Radio 91.4";FR;;25
"Next Radio 106.1";ZA;;25
"Channel 303 FM";UG;Kampala;25
"NBS TV";CA;Brampton;24
"NBS TV";US;Boston;24
"NBS TV";HK;;24
"NBS TV";US;"North Hills";24
"Sanyuka TV";GB;Southwark;24
"NBS TV";GB;Andover;24
"NBS Live";NO;;24
"Spade Television";UG;Kampala;24
"Janan Schools TV";UG;Kampala;23
"RT International";GB;Hackney;23
"NBS TV";GB;"Forest Hill";23
"NBS Live";ZM;Lusaka;23
"NBS TV";US;Bakersfield;23
"NBS TV";TH;Bangkok;23
"Sanyuka TV";SA;Medina;23
"NBS TV";GB;Sutton;23
"NBS TV";AE;"Umm al Qaywayn";23
"NBS Live";CD;Kinshasa;23
"NBS TV";US;Phoenix;23
"NBS Live";FR;Lauterbourg;23
"NBS TV";UG;Mityana;23
"NBS TV";US;Hillsboro;23
Makkah;UG;Kampala;23
"BTN Rwanda";UG;Kampala;22
"NBS TV";TR;Selçuklu;22
"NBS TV";AU;Melbourne;22
U24;AE;Dubai;22
"Sanyuka TV";TZ;"Dar es Salaam";22
"NBS Sport";GB;Kensington;22
DW;FR;Lauterbourg;22
XFM;ZA;;22
"CBS FM";US;"Santa Rosa";22
"NBS Live";GB;Liverpool;21
"Al Jazeera English";;;21
"NBS TV";CD;Kinshasa;21
"Sanyuka TV";SA;Jeddah;21
"Magic 1";AE;Dubai;21
"NBS TV";US;Beltsville;21
"NBS TV";US;Ashburn;21
"NBS Live";CA;Ottawa;21
"RADIO ONE FM";UG;Kampala;21
"NBS Live";ET;"Addis Ababa";20
"Al Jazeera English";ZA;Johannesburg;20
"Galaxy TV";AE;"Abu Dhabi";20
"NBS Live";GB;;20
"UBC TV";AE;Sharjah;20
"NBS TV";DE;Pfarrkirchen;20
"NBS Live";NL;;20
"NBS Plus";AE;Sharjah;20
"NBS TV";ZA;Boksburg;20
"NBS Live";AE;"Ras al-Khaimah";20
"Manifest Television";FR;Lauterbourg;20
"Bukedde 1";SA;Ta'if;20
"TV10 Rwanda";UG;Kampala;20
"Radio Walla";FR;Paris;20
"UBC TV";FR;Paris;19
"NBS TV";ZA;Pretoria;19
"NBS Live";NO;Oslo;19
"NBS TV";US;Athens;19
"Sanyuka TV";ZA;;19
"NBS Live";SS;Malakal;19
"NBS Live";OM;Muscat;19
"NBS TV";GB;Wirral;19
"Sanyuka TV";CA;Toronto;19
"NBS TV";US;Woburn;19
"NBS TV";BG;;19
"RT International";CD;;19
"UBC TV";SO;Mogadishu;18
"UBC TV";SS;;18
"NBS TV";ZA;"Cape Town";18
"NBS TV";SA;Dammam;18
"NUP Radio 91.4";AE;Dubai;18
"NBS TV";SN;Dakar;18
"NBS Live";LS;;18
"UBC TV";;;18
"NBS TV";US;Worcester;18
"NBS Live";BE;Ghent;18
"NBS TV";IM;Douglas;18
"NBS Live";SA;Jeddah;18
"NBS TV";DE;Düsseldorf;18
"NBS Live";ES;Madrid;18
"NBS TV";US;Dracut;18
"NBS Plus";DE;;18
"B Plus Rwanda";UG;Kampala;18
"NBS Sport";UG;Masaka;18
"RT International";FR;;18
"UBC TV";HU;Budapest;17
"NBS Live";DK;Viborg;17
"Next Radio Visual";AE;"Abu Dhabi";17
"Magic 1";UG;;17
"NBS Live";NL;Groningen;17
"Block FM 103.2";AE;"Abu Dhabi";17
"UBC TV";DE;Berlin;17
"NBS TV";GB;Kensington;17
"UBC TV";ES;Madrid;17
"UBC TV";US;"Los Angeles";17
"NBS Live";;;17
"NBS TV";GB;Pontypridd;17
"Sanyuka TV";TR;Selçuklu;17
"UBC TV";BH;Manama;17
"NBS TV";GB;Lambeth;17
"NBS TV";SE;Alingsås;17
"RT International";AE;Dubai;17
"NBS TV";GB;Coventry;17
"NBS TV";DE;Weißenfels;17
"NBS TV";NL;Haarlem;17
"NBS Sport";GB;Walthamstow;17
"Sanyuka TV";CI;Abidjan;17
"Busoga One FM";UG;Kampala;17
"Power FM";UG;Kampala;17
"Next Radio Arua";ZA;;17
"Sun TV";UG;Kampala;17
"NBS TV";US;"St Louis";17
"CBS Eyobujjajja";US;"St Louis";17
"UBC TV";DK;Kolding;16
"RT International";KE;Nairobi;16
"Al Jazeera English";SS;Juba;16
"NBS Live";GB;Brent;16
"NBS Live";DE;Weißenfels;16
"Sanyuka TV";BE;Ghent;16
"NBS TV";CA;Cornwall;16
"NBS TV";LR;Monrovia;16
"NBS Live";GB;Manchester;16
"Sanyuka TV";IL;;16
"NBS TV";DK;Horsens;16
"NBS TV";GB;"Milton Keynes";16
"NBS Live";US;Sudbury;16
"NBS TV";GB;Newham;16
"UBC TV";GB;London;16
"NBS TV";NO;;16
DW;FR;;16
"Sanyuka TV";FR;Lauterbourg;16
"Bukedde 1";CA;Montreal;16
"NBS Live";GB;Bexley;16
"NBS Sport 2";BH;Manama;16
"UBC TV";US;;15
"NBS TV";US;Bedford;15
"Sanyuka TV";NL;Groningen;15
"NBS Live";BD;;15
"Al Jazeera English";TZ;"Dar es Salaam";15
"NBS Sport";RW;;15
"NBS Live";IT;;15
"NBS TV";US;"New York";15
"UBC TV";GB;;15
"NBS Plus";QA;Doha;15
"NBS TV";GB;Walthamstow;15
"Sanyuka TV";TH;Bangkok;15
"NBS Live";BE;;15
"UBC TV";EG;Cairo;15
"NBS Live";DE;Hanover;15
"UBC TV";US;Danville;15
"NBS TV";GB;Bradford;15
"Sanyuka TV";US;Ashburn;15
"NBS TV";GA;Libreville;15
"Church Radio";UG;Kampala;15
"Manifest Television";DE;"Limburg an der Lahn";15
"Bukedde 1";US;;15
"Host TV";FR;;15
"NBS Live";CA;Toronto;14
"Galaxy TV";UG;;14
"Al Jazeera English";KW;"Kuwait City";14
"NBS TV";DE;Greiz;14
"NBS TV";CD;Bukavu;14
"UBC TV";US;Norman;14
"NBS TV";GB;Brent;14
"UBC TV";KE;;14
"NBS TV";TZ;Arusha;14
"NBS Sport 2";UG;;14
"NBS Plus";SS;;14
"Next Radio 106.1";ZA;Johannesburg;14
"Al Jazeera English";GB;London;14
"NBS Live";NL;Naaldwijk;14
"NBS TV";US;Tucson;14
"UBC TV";SO;;14
"NBS Plus";FR;Paris;14
"NBS Live";SG;Singapore;14
"Sanyuka TV";US;Orlando;14
"Sanyuka TV";CI;;14
"NBS Plus";UG;Mityana;14
"Next Radio Arua";UG;Kampala;14
"NBS TV";UG;Mbarara;14
"Sanyuka TV";UG;Mityana;14
"Manifest Television";AE;Dubai;14
"KTBMI TV";UG;Kampala;14
"92.1 OP FM";UG;Kampala;14
"JUBA ECHO TV";UG;Kampala;14
"NBS TV";GB;Belfast;14
"NBS TV";GB;Harlow;13
"NBS Plus";TZ;"Dar es Salaam";13
"UBC TV";TR;Istanbul;13
"NBS TV";NL;Groningen;13
"NBS TV";US;Denver;13
"UBC TV";US;Orlando;13
"Galaxy TV";AE;Sharjah;13
"NBS TV";US;Columbus;13
"UBC TV";SO;Merca;13
"UBC TV";GB;Hackney;13
"Host TV";AE;Dubai;13
"Al Jazeera English";NG;"Port Harcourt";13
AfroFlix;US;;13
"NBS TV";GB;Manchester;13
"NBS TV";US;Irving;13
"Sanyuka TV";AE;"Ras al-Khaimah";13
"NBS Live";CD;;13
"NBS Live";GB;Bristol;13
"NBS Live";EG;Cairo;13
"NBS TV";GB;Wandsworth;13
"NBS TV";GB;Dagenham;13
"NBS Plus";ZA;;13
"Bukedde 1";CA;Toronto;13
"Radio Walla";FR;;13
"NBS TV";RS;Belgrade;13
"Radio Walla";DE;"Frankfurt am Main";13
"Kazo FM";UG;Kampala;13
"NBS Plus";FI;Helsinki;13
"Bukedde 1";DE;Leverkusen;13
"NBS TV";RO;Bucharest;13
"UBC TV";FR;Lauterbourg;12
"BaBa TV";ZA;Johannesburg;12
"Sanyuka TV";AE;"Al Ain City";12
"Sanyuka TV";CH;Zurich;12
"NBS TV";GB;Edgware;12
"NBS TV";CA;"North York";12
"NBS TV";SO;Mogadishu;12
"UBC TV";SA;Jeddah;12
"NBS TV";DE;Hamburg;12
DW;AE;Dubai;12
"BaBa TV";AE;"Abu Dhabi";12
"NBS Live";US;Revere;12
"Sanyuka TV";BW;Gaborone;12
"NBS Live";KE;"Athi River";12
"NBS Live";IN;Rajkot;12
"Sanyuka TV";BH;Manama;12
"NBS Live";US;Ashburn;12
"NBS Live";US;Columbus;12
"NBS TV";FI;Lappeenranta;12
"BaBa TV";FR;;12
"NBS TV";GB;Bromley;12
"Sanyuka TV";ES;Madrid;12
"NBS Live";ID;Tangerang;12
"NBS TV";TN;Tunis;12
"NBS TV";AU;Adelaide;12
"NBS Plus";UG;Masaka;12
"Bukedde 1";AE;Sharjah;12
"NBS TV";GB;Uxbridge;12
Sharjah;UG;Kampala;12
"Baba FM";FR;;12
"NBS Plus";US;"St Louis";12
"NBS Plus";SS;Juba;11
"NBS TV";IL;"Tel Aviv";11
"NBS TV";PL;Warsaw;11
"NBS Music";AE;"Abu Dhabi";11
"UBC TV";CA;Ottawa;11
"RT International";AE;"Abu Dhabi";11
"Sanyuka TV";SS;Juba;11
"NBS TV";DZ;Algiers;11
"NBS TV";GB;Pontefract;11
"NBS TV";US;Seattle;11
"UBC TV";NL;Amsterdam;11
"NBS TV";US;Lawrence;11
"Sanyuka TV";GB;Pontypridd;11
"NBS TV";US;Revere;11
"NBS TV";BE;;11
"NBS TV";GB;Leeds;11
"NBS TV";LR;;11
"NUP Radio 91.4";FR;Lauterbourg;11
"NBS Live";GB;Bracknell;11
"NBS Live";SA;Ta'if;11
"Al Jazeera English";GB;;11
"NBS Live";DK;Nørager;11
"NBS TV";DE;Wilhelmshaven;11
"NBS TV";CA;Etobicoke;11
"NBS Plus";RW;Kigali;11
"Kwiso TV";UG;;11
"NBS Live";GB;Norwich;11
"Manifest Television";DE;"Frankfurt am Main";11
"NBS TV";GB;"High Wycombe";11
"NBS TV";US;Kissimmee;11
"Sanyuka TV";GB;Nottingham;11
"NBS TV";TH;"Hua Hin";11
"NBS Sport";AE;Sharjah;11
"NBS Plus";NL;Amsterdam;11
"Next Radio 106.1";CH;Zurich;11
"NBS Plus";DE;"Limburg an der Lahn";11
"Bukedde 1";SA;Jeddah;11
"RX Radio";UG;Kampala;11
"NBS Live";UG;Mityana;11
